곡명,아티스트,장르,발매연도,앨범
TOO BAD (feat. Anderson .Paak),G-DRAGON G-DRAGON,Unknown,Unknown,Übermensch
모르시나요(PROD.로코베리),조째즈 조째즈,Unknown,Unknown,모르시나요
HOME SWEET HOME (feat. 태양, 대성),G-DRAGON G-DRAGON,Unknown,Unknown,HOME SWEET HOME (feat. 태양, 대성)
REBEL HEART,IVE (아이브) IVE (아이브),Unknown,Unknown,IVE EMPATHY
나는 반딧불,황가람 황가람,Unknown,Unknown,나는 반딧불
like JENNIE,제니 (JENNIE) 제니 (JENNIE),Unknown,Unknown,Ruby
Drowning,WOODZ WOODZ,Unknown,Unknown,OO-LI
Whiplash,aespa aespa,Unknown,Unknown,Whiplash - The 5th Mini Album
오늘만 I LOVE YOU,BOYNEXTDOOR BOYNEXTDOOR,Unknown,Unknown,오늘만 I LOVE YOU
APT.,로제 (ROSÉ) Bruno Mars 로제 (ROSÉ) Bruno Mars,Unknown,Unknown,APT.
ATTITUDE,IVE (아이브) IVE (아이브),Unknown,Unknown,IVE EMPATHY
Dash,PLAVE PLAVE,Unknown,Unknown,Caligo Pt.1
TAKE ME,G-DRAGON G-DRAGON,Unknown,Unknown,Übermensch
PO￦ER,G-DRAGON G-DRAGON,Unknown,Unknown,PO￦ER
toxic till the end,로제 (ROSÉ) 로제 (ROSÉ),Unknown,Unknown,rosie
HAPPY,DAY6 (데이식스) DAY6 (데이식스),Unknown,Unknown,Fourever
사랑은 늘 도망가,임영웅 임영웅,Unknown,Unknown,신사와 아가씨 OST Part.2
RIZZ,PLAVE PLAVE,Unknown,Unknown,Caligo Pt.1
내게 사랑이 뭐냐고 물어본다면,로이킴 로이킴,Unknown,Unknown,내게 사랑이 뭐냐고 물어본다면
Island,PLAVE PLAVE,Unknown,Unknown,Caligo Pt.1
소나기,이클립스 (ECLIPSE) 이클립스 (ECLIPSE),Unknown,Unknown,선재 업고 튀어 OST Part 1
Chroma Drift,PLAVE PLAVE,Unknown,Unknown,Caligo Pt.1
12:32 (A to T),PLAVE PLAVE,Unknown,Unknown,Caligo Pt.1
우리들의 블루스,임영웅 임영웅,Unknown,Unknown,IM HERO
미치게 그리워서,황가람 황가람,Unknown,Unknown,미치게 그리워서
온기,임영웅 임영웅,Unknown,Unknown,온기
DRIP,BABYMONSTER BABYMONSTER,Unknown,Unknown,DRIP
천상연,이창섭 이창섭,Unknown,Unknown,천상연 (웹툰 '선녀외전' X 이창섭 (LEE CHANGSUB))
Welcome to the Show,DAY6 (데이식스) DAY6 (데이식스),Unknown,Unknown,Fourever
Supernova,aespa aespa,Unknown,Unknown,Armageddon - The 1st Album
Home,임영웅 임영웅,Unknown,Unknown,온기
모래 알갱이,임영웅 임영웅,Unknown,Unknown,모래 알갱이
한 페이지가 될 수 있게,DAY6 (데이식스) DAY6 (데이식스),Unknown,Unknown,The Book of Us : Gravity
다시 만날 수 있을까,임영웅 임영웅,Unknown,Unknown,IM HERO
이제 나만 믿어요,임영웅 임영웅,Unknown,Unknown,내일은 미스터트롯 우승자 특전곡
I DO ME,KiiiKiii (키키) KiiiKiii (키키),Unknown,Unknown,I DO ME
슬픈 초대장,순순희(지환) 순순희(지환),Unknown,Unknown,슬픈 초대장
어떻게 이별까지 사랑하겠어, 널 사랑하는 거지,AKMU (악뮤) AKMU (악뮤),Unknown,Unknown,항해
내 이름 맑음,QWER QWER,Unknown,Unknown,2nd Mini Album 'Algorithm's Blossom'
Do or Die,임영웅 임영웅,Unknown,Unknown,Do or Die
무지개,임영웅 임영웅,Unknown,Unknown,IM HERO
London Boy,임영웅 임영웅,Unknown,Unknown,Polaroid
UP (KARINA Solo),aespa aespa,Unknown,Unknown,SYNK : PARALLEL LINE - Special Digital Single
인생찬가,임영웅 임영웅,Unknown,Unknown,IM HERO
Polaroid,임영웅 임영웅,Unknown,Unknown,Polaroid
예뻤어,DAY6 (데이식스) DAY6 (데이식스),Unknown,Unknown,Every DAY6 February
청춘만화,이무진 이무진,Unknown,Unknown,만화 (滿花)
DRAMA,G-DRAGON G-DRAGON,Unknown,Unknown,Übermensch
Die With A Smile,Lady Gaga Bruno Mars Lady Gaga Bruno Mars,Unknown,Unknown,Die With A Smile
Love wins all,아이유 아이유,Unknown,Unknown,The Winning
연애편지,임영웅 임영웅,Unknown,Unknown,IM HERO
너와의 모든 지금,재쓰비 (JAESSBEE) 재쓰비 (JAESSBEE),Unknown,Unknown,너와의 모든 지금
고민중독,QWER QWER,Unknown,Unknown,1st Mini Album 'MANITO'
무제(無題) (Untitled, 2014),G-DRAGON G-DRAGON,Unknown,Unknown,권지용
그대만 있다면 (여름날 우리 X 너드커넥션 (Nerd Connection)),너드커넥션 (Nerd Connection) 너드커넥션 (Nerd Connection),Unknown,Unknown,그대만 있다면 (여름날 우리 X 너드커넥션 (Nerd Connection))
The Chase,Hearts2Hearts (하츠투하츠) Hearts2Hearts (하츠투하츠),Unknown,Unknown,The Chase
너의 모든 순간,성시경 성시경,Unknown,Unknown,별에서 온 그대 OST Part.7
How Sweet,NewJeans NewJeans,Unknown,Unknown,How Sweet
첫 만남은 계획대로 되지 않아,TWS (투어스) TWS (투어스),Unknown,Unknown,TWS 1st Mini Album ‘Sparkling Blue’
Sweet Dreams (feat. Miguel),j-hope Miguel j-hope Miguel,Unknown,Unknown,Sweet Dreams (feat. Miguel)
Mantra,제니 (JENNIE) 제니 (JENNIE),Unknown,Unknown,Mantra
청혼하지 않을 이유를 못 찾았어,이무진 이무진,Unknown,Unknown,청혼하지 않을 이유를 못 찾았어
비의 랩소디,임재현 임재현,Unknown,Unknown,비의 랩소디
나는 아픈 건 딱 질색이니까,(여자)아이들 (여자)아이들,Unknown,Unknown,2
에피소드,이무진 이무진,Unknown,Unknown,에피소드
Seven (feat. Latto) - Clean Ver.,정국 정국,Unknown,Unknown,Seven (feat. Latto) - Clean Ver.
보금자리,임영웅 임영웅,Unknown,Unknown,IM HERO
I AM,IVE (아이브) IVE (아이브),Unknown,Unknown,I've IVE
Supersonic,프로미스나인 프로미스나인,Unknown,Unknown,Supersonic
봄날,방탄소년단 방탄소년단,Unknown,Unknown,YOU NEVER WALK ALONE
이렇게 좋아해 본 적이 없어요,BOYNEXTDOOR BOYNEXTDOOR,Unknown,Unknown,이렇게 좋아해 본 적이 없어요 (소녀의 세계 X BOYNEXTDOOR)
모든 날, 모든 순간 (Every day, Every Moment),폴킴 폴킴,Unknown,Unknown,'키스 먼저 할까요?' OST Part.3
사랑인가 봐,멜로망스 멜로망스,Unknown,Unknown,사랑인가 봐 (사내맞선 OST 스페셜 트랙)
Magnetic,아일릿(ILLIT) 아일릿(ILLIT),Unknown,Unknown,SUPER REAL ME
헤어지자 말해요,박재정 박재정,Unknown,Unknown,1집 Alone
다정히 내 이름을 부르면,경서예지 전건호 경서예지 전건호,Unknown,Unknown,다정히 내 이름을 부르면 (경서예지 x 전건호)
Small girl (feat. 도경수(D.O.)),이영지 이영지,Unknown,Unknown,16 Fantasy
주저하는 연인들을 위해,잔나비 잔나비,Unknown,Unknown,전설
미안해 미워해 사랑해,Crush Crush,Unknown,Unknown,눈물의 여왕 OST Part.4
IBELONGIIU,G-DRAGON G-DRAGON,Unknown,Unknown,Übermensch
인사,범진 범진,Unknown,Unknown,인사
Hype Boy,NewJeans NewJeans,Unknown,Unknown,NewJeans 1st EP 'New Jeans'
살기 위해서,순순희 순순희,Unknown,Unknown,살기 위해서
HOT,LE SSERAFIM (르세라핌) LE SSERAFIM (르세라핌),Unknown,Unknown,HOT
Ditto,NewJeans NewJeans,Unknown,Unknown,NewJeans 'OMG'
Armageddon,aespa aespa,Unknown,Unknown,Armageddon - The 1st Album
Not Like Us,Kendrick Lamar Kendrick Lamar,Unknown,Unknown,Not Like Us
earthquake,지수 (JISOO) 지수 (JISOO),Unknown,Unknown,AMORTAGE
Igloo,KISS OF LIFE KISS OF LIFE,Unknown,Unknown,Lose Yourself
해야 (HEYA),IVE (아이브) IVE (아이브),Unknown,Unknown,IVE SWITCH
number one girl,로제 (ROSÉ) 로제 (ROSÉ),Unknown,Unknown,number one girl
취중고백,김민석 김민석,Unknown,Unknown,취중고백
GYRO-DROP,G-DRAGON G-DRAGON,Unknown,Unknown,Übermensch
사막에서 꽃을 피우듯,우디 (Woody) 우디 (Woody),Unknown,Unknown,사막에서 꽃을 피우듯
청바지,부석순 (SEVENTEEN) 부석순 (SEVENTEEN),Unknown,Unknown,부석순 2nd Single Album 'TELEPARTY'
Sticky,KISS OF LIFE KISS OF LIFE,Unknown,Unknown,Sticky
Supernatural,NewJeans NewJeans,Unknown,Unknown,Supernatural
너에게 닿기를,10CM 10CM,Unknown,Unknown,너에게 닿기를
녹아내려요,DAY6 (데이식스) DAY6 (데이식스),Unknown,Unknown,Band Aid
To. X,태연 (TAEYEON) 태연 (TAEYEON),Unknown,Unknown,To. X - The 5th Mini Album
